name,releasedate,popularity_spot,popularity,winrate,banrate,averageKDA,pentas/match,attack,defense,magic,difficulty,rangetype,partype,hp,hpperlevel,mp,mpperlevel,movespeed,armor,armorperlevel,spellblock,spellblockperlevel,attackrange,hpregen,hpregenperlevel,mpregen,mpregenperlevel,attackdamage,attackdamageperlevel,attackspeed,attackspeedperlevel,spell1_name,spell1_cost,spell1_cooldown,spell2_name,spell2_cost,spell2_cooldown,spell3_name,spell3_cost,spell3_cooldown,ulti_name,ulti_cost,ulti_cooldown
Aatrox,13/6/2013,17,0.107,0.495,0.173,6.1/6.1/5.3,0.0018,8,4,3,4,Melee,Blood Well,580,90,0,0,345,38,3.25,32.1,1.25,175,3,1,0,0,60,5,0.651,2.5,The Darkin Blade,0/0/0/0/0,14/12/10/8/6,Infernal Chains,0/0/0/0/0,26/23/20/17/14,Umbral Dash,0/0/0/0/0,9/8/7/6/5,World Ender,0/0/0,120/100/80
Ahri,14/12/2011,32,0.085,0.51,0.044,6.2/5.3/7.6,0.0012,3,4,8,5,Ranged,Mana,526,92,418,25,330,20.88,3.5,30,0.5,550,6.5,0.6,8,0.8,53.04,3,0.668,2,Orb of Deception,65/70/75/80/85,7/7/7/7/7,Fox-Fire,40/40/40/40/40,9/8/7/6/5,Charm,70/70/70/70/70,12/12/12/12/12,Spirit Rush,100/100/100,130/105/80
Akali,11/5/2010,46,0.072,0.493,0.093,8.4/5.8/4.8,0.0015,5,3,8,7,Melee,Energy,575,95,200,0,345,23,3.5,37,1.25,125,8,0.5,50,0,62.4,3.3,0.625,3.2,Five Point Strike,120/115/110/105/100,1.5/1.5/1.5/1.5/1.5,Twilight Shroud,0/0/0/0/0,20/20/20/20/20,Shuriken Flip,30/30/30/30/30,16/14.5/13/11.5/10,Perfect Execution,0/0/0,100/80/60
Akshan,22/7/2021,162,0.017,0.486,0.019,8.5/6.5/5.5,0.0032,,,,7,Ranged,Mana,630,107,350,40,330,26,4.7,30,1.3,500,3.75,0.65,8.2,0.7,52,3.0,0.638,4.0,Avengerang,60/65/70/75/80,8/7.25/6.5/5.75/5,Going Rogue,40/30/20/10/0,18/14/10/6/2,Heroic Swing,70/70/70/70/70,18/16.5/15/13.5/12,Comeuppance,100/100/100,100/85/70
Alistar,21/2/2009,77,0.05,0.49,0.02,1.9/6.4/13.8,0.0000,6,9,5,7,Melee,Mana,600,106,350,40,330,44,3.5,32.1,1.25,125,8.5,0.85,8.5,0.8,62,3.75,0.625,2.125,Pulverize,65/70/75/80/85,17/16/15/14/13,Headbutt,65/70/75/80/85,14/13/12/11/10,Trample,50/60/70/80/90,12/11.5/11/10.5/10,Unbreakable Will,100/100/100,120/100/80
Amumu,26/6/2009,24,0.094,0.534,0.135,5.3/6.2/10.6,0.0002,2,6,8,3,Melee,Mana,613.12,84,287.2,40,335,33,3.8,32.1,1.25,125,9,0.85,7.382,0.525,53.38,3.8,0.736,2.18,Bandage Toss,50/55/60/65/70,10/9.5/9/8.5/8,Despair,8/8/8/8/8,1/1/1/1/1,Tantrum,35/35/35/35/35,10/9/8/7/6,Curse of the Sad Mummy,100/150/200,150/125/100
Anivia,10/7/2009,148,0.025,0.527,0.018,5.7/4.9/7.8,0.0003,1,4,10,10,Ranged,Mana,480,82,495,25,325,21.22,4,30,0.5,600,5.5,0.55,8,0.8,51.376,3.2,0.625,1.68,Flash Frost,80/90/100/110/120,10/9.5/9/8.5/8,Crystallize,70/70/70/70/70,17/17/17/17/17,Frostbite,50/60/70/80/90,4/4/4/4/4,Glacial Storm,75/75/75,6/6/2006
Annie,21/2/2009,158,0.018,0.51,0.005,6.2/6.3/8.4,0.0005,2,3,10,6,Ranged,Mana,524,88,418,25,335,19.22,4,30,0.5,625,5.5,0.55,8,0.8,50.41,2.625,0.579,1.36,Disintegrate,60/65/70/75/80,4/4/4/4/4,Incinerate,70/80/90/100/110,8/8/8/8/8,Molten Shield,20/20/20/20/20,14/13/12/11/10,Summon: Tibbers,100/100/100,120/100/80
Aphelios,11/12/2019,107,0.04,0.468,0.008,7.2/6.6/5.4,0.0048,6,2,1,10,Ranged,Mana,500,86,348,42,325,28,3,26,0.5,550,3.25,0.55,6.5,0.4,57,2.2,0.64,2.1,Weapon Abilites,60/60/60/60/60/60,9/9/9/9/9/9,Phase,0/0/0/0/0/0,0.8/0.8/0.8/0.8/0.8/0.8,Weapon Queue System,0/0/0/0/0/0,0/0/0/0/0/0,Moonlight Vigil,100/100/100,120/110/100
Ashe,21/2/2009,16,0.108,0.496,0.045,5.9/6.3/9.0,0.0007,7,3,2,4,Ranged,Mana,539,85,280,32,325,26,3.4,30,0.5,600,3.5,0.55,6.972,0.4,61,2.96,0.658,3.33,Ranger's Focus,50/50/50/50/50,0/0/0/0/0,Volley,70/70/70/70/70,14/11.5/9/6.5/4,Hawkshot,0/0/0/0/0,5/5/5/5/5,Enchanted Crystal Arrow,100/100/100,100/90/80
Aurelion Sol,24/3/2016,121,0.035,0.52,0.017,7.3/5.8/8.1,0.0029,2,3,8,7,Ranged,Mana,575,92,350,50,325,19,3.6,30,0.5,550,7,0.6,6,0.8,57,3.2,0.625,1.36,Starsurge,60/70/80/90/100,11/10/9/8/7,Celestial Expansion,70/80/90/100/110,8/6.5/5/3.5/2,Comet of Legend,60/60/60/60/60,80/75/70/65/60,Voice of Light,100/100/100,110/90/70
Aurora,17/7/2024,106,0.04,0.483,0.171,6.1/5.7/7.1,0.0010,,,,5,Ranged,Mana,607,110,475,30,335,23,4.5,30,1.3,550,6,0.55,8,0.8,53,3,0.625,2,Twofold Hex,60/60/60/60/60,8/7.5/7/6.5/6,Across the Veil,80/80/80/80/80,22/21/20/19/18,The Weirding,80/80/80/80/80,15/14/13/12/11,Between Worlds,100/100/100,140/120/100
Azir,16/9/2014,140,0.026,0.458,0.005,5.3/5.9/6.1,0.0016,6,3,8,9,Ranged,Mana,552,92,480,21,335,19.04,3,30,0.5,525,7,0.75,8,0.8,52,2.8,0.625,3,Conquering Sands,70/70/70/70/70,15/13/11/9/7,Arise!,40/40/40/40/40,1.5/1.5/1.5/1.5/1.5,Shifting Sands,60/60/60/60/60,19/18/17/16/15,Emperor's Divide,100/100/100,120/105/90
Bard,12/3/2015,132,0.031,0.496,0.005,2.5/5.7/14.4,0.0000,4,4,5,9,Ranged,Mana,575,89,350,50,330,34,4,30,0.5,500,5.5,0.55,6,0.45,52,3,0.625,2,Cosmic Binding,60/60/60/60/60,11/10/9/8/7,Caretaker's Shrine,70/70/70/70/70,18/18/18/18/18,Magical Journey,30/30/30/30/30,22/20.5/19/17.5/16,Tempered Fate,100/100/100,110/95/80
Bel'veth,9/6/2022,149,0.024,0.498,0.042,7.0/5.7/6.5,0.0007,,,,6,Melee,none,610,99,60,0.0,340,32,4.7,32,2.05,175,6.0,0.6,0.0,0.0,60,1.5,0.85,0.0,Void Surge,0,1/1/1/1/1,Above and Below,0,12/11/10/9/8,Royal Maelstrom,0,20/19/18/17/16,Endless Banquet,0,1
Blitzcrank,2/9/2009,52,0.065,0.487,0.219,2.0/6.5/13.6,0.0000,4,8,5,4,Melee,Mana,582.6,95,267.2,40,325,37,3.5,32.1,1.25,125,8.5,0.75,8.5,0.8,61.54,3.5,0.625,1.13,Rocket Grab,100/100/100/100/100,20/19/18/17/16,Overdrive,75/75/75/75/75,15/15/15/15/15,Power Fist,25/25/25/25/25,9/8/7/6/5,Static Field,100/100/100,60/40/20
Brand,12/4/2011,50,0.068,0.504,0.085,5.3/7.2/9.4,0.0003,2,2,9,4,Ranged,Mana,519.68,88,469,21,340,21.88,3.5,30,0.5,550,5.5,0.55,10.665,0.6,57.04,3,0.625,1.36,Sear,50/50/50/50/50,8/7.5/7/6.5/6,Pillar of Flame,60/70/80/90/100,10/9.5/9/8.5/8,Conflagration,70/75/80/85/90,10/9/8/7/6,Pyroclasm,100/100/100,105/90/75
Braum,12/5/2014,92,0.045,0.506,0.027,1.5/5.8/15.2,0.0000,3,9,4,3,Melee,Mana,540,98,310.6,45,335,47,4,32.1,1.25,125,8.5,1,6,0.8,55.376,3.2,0.644,3.5,Winter's Bite,55/60/65/70/75,10/9/8/7/6,Stand Behind Me,40/40/40/40/40,12/11/10/9/8,Unbreakable,30/35/40/45/50,18/16/14/12/10,Glacial Fissure,100/100/100,140/120/100
Briar,14/9/2023,81,0.048,0.506,0.08,8.4/7.7/7.4,0.0009,,,,6,Melee,Fury,590,95,0,0.0,340,30,4.2,32,2.05,125,0.0,0.0,0.0,0.0,60,3.0,0.644,2.0,Head Rush,6%currentHealth,13/12/11/10/9,Blood Frenzy,6%currentHealth,14/13/12/11/10,Chilling Scream,6%currentHealth,16/16/16/16/16,Certain Death,6%currentHealth,120/100/80
Caitlyn,4/1/2011,8,0.154,0.485,0.166,7.5/6.3/5.9,0.0026,8,2,2,6,Ranged,Mana,481,91,313.7,35,325,28,3.5,30,0.5,650,3.5,0.55,7.4,0.55,62,2.88,0.681,4,Piltover Peacemaker,50/60/70/80/90,10/9/8/7/6,Yordle Snap Trap,20/20/20/20/20,0.5/0.5/0.5/0.5/0.5,90 Caliber Net,75/75/75/75/75,16/14.5/13/11.5/10,Ace in the Hole,100/100/100,90/75/60
Camille,7/12/2016,56,0.063,0.513,0.049,6.5/6.4/6.1,0.0008,8,6,3,4,Melee,Mana,575.6,85,338.8,32,340,35,3.8,32.1,1.25,125,8.5,0.8,8.15,0.75,68,3.5,0.644,2.5,Precision Protocol,25/25/25/25/25,9/8.25/7.5/6.75/6,Tactical Sweep,50/55/60/65/70,15/13.5/12/10.5/9,Hookshot,70/70/70/70/70,16/14.5/13/11.5/10,The Hextech Ultimatum,100/100/100,140/115/90
Cassiopeia,14/12/2010,153,0.021,0.518,0.014,6.7/6.2/6.0,0.0010,2,3,9,10,Ranged,Mana,575,90,350,40,328,20,3.5,30,0.5,550,5.5,0.5,8,0.8,53,3,0.647,1.5,Noxious Blast,50/60/70/80/90,3.5/3.5/3.5/3.5/3.5,Miasma,70/80/90/100/110,24/22/20/18/16,Twin Fang,50/50/50/50/50,0.75/0.75/0.75/0.75/0.75,Petrifying Gaze,100/100/100,120/100/80
Cho'Gath,26/6/2009,119,0.036,0.509,0.007,6.4/5.8/6.1,0.0004,3,7,7,5,Melee,Mana,574.4,80,272.2,40,345,38,3.5,32.1,1.25,125,9,0.85,7.206,0.45,69,4.2,0.625,1.44,Rupture,60/60/60/60/60,7/7/7/7/7,Feral Scream,70/80/90/100/110,13/12/11/10/9,Vorpal Spikes,30/30/30/30/30,8/7/6/5/4,Feast,100/100/100,80/80/80
Corki,19/9/2009,168,0.01,0.406,0.003,5.6/6.3/6.0,0.0005,8,3,6,6,Ranged,Mana,518,87,350.16,34,325,28,3.5,30,0.5,550,5.5,0.55,7.424,0.55,55,2.5,0.638,2.3,Phosphorus Bomb,60/70/80/90/100,8/8/8/8/8,Valkyrie,100/100/100/100/100,20/19/18/17/16,Gatling Gun,50/50/50/50/50,16/16/16/16/16,Missile Barrage,20/20/20,2/2/2002
Darius,23/5/2012,29,0.085,0.5,0.206,6.9/6.2/4.4,0.0029,9,5,1,2,Melee,Mana,582.24,100,263,37.5,340,39,4,32.1,1.25,175,10,0.95,6.6,0.35,64,5,0.625,1,Decimate,30/35/40/45/50,9/8/7/6/5,Crippling Strike,40/40/40/40/40,7/6.5/6/5.5/5,Apprehend,70/60/50/40/30,24/21/18/15/12,Noxian Guillotine,100/100/0,120/100/80
Diana,7/8/2012,31,0.085,0.507,0.029,7.9/6.8/6.5,0.0010,7,6,8,4,Melee,Mana,570,95,375,25,345,31,3.6,32.1,1.25,150,7.5,0.85,8,0.8,57,3,0.625,2.25,Crescent Strike,50/50/50/50/50,8/7.5/7/6.5/6,Pale Cascade,40/45/50/55/60,15/13.5/12/10.5/9,Lunar Rush,40/45/50/55/60,22/20/18/16/14,Moonfall,100/100/100,100/90/80
Draven,2/9/2009,120,0.035,0.512,0.023,4.5/5.3/6.0,0.0002,9,3,1,8,Ranged,Mana,574,88,360.56,39,330,29,3.3,30,0.5,550,3.75,0.7,8.042,0.65,60,3.61,0.679,2.7,Spinning Axe,45/45/45/45/45,12/11/10/9/8,Blood Rush,40/35/30/25/20,12/12/12/12/12,Stand Aside,70/70/70/70/70,18/17/16/15/14,Whirling Death,100/100/100,100/90/80
Dr. Mundo,6/6/2012,73,0.052,0.488,0.213,8.5/7.0/5.5,0.0035,5,7,6,5,Melee,None,582.52,89,0,0,345,36,3.5,32.1,1.25,125,8,0.75,0,0,61.27,3.5,0.721,2.8,Infected Cleaver,0/0/0/0/0,4/4/4/4/4,Burning Agony,0/0/0/0/0,4/4/4/4/4,Masochism,0/0/0/0/0,6/5.5/5/4.5/4,Sadism,0/0/0,110/100/90
Ekko,29/5/2015,63,0.059,0.502,0.013,7.9/5.9/6.5,0.0014,5,3,7,8,Melee,Mana,585,85,280,50,340,32,3,32,1.25,125,9,0.9,7,0.8,58,3,0.688,3.3,Timewinder,50/60/70/80/90,9/8.5/8/7.5/7,Parallel Convergence,30/35/40/45/50,22/20/18/16/14,Phase Dive,40/45/50/55/60,9/8.5/8/7.5/7,Chronobreak,100/100/100,110/80/50
Elise,26/10/2012,101,0.041,0.502,0.029,8.0/5.9/7.5,0.0008,6,5,7,9,Ranged,Mana,534,93,324,50,330,27,3.35,30,0.5,550,5.5,0.6,6,0.8,55,3,0.625,1.75,Neurotoxin / Venomous Bite,80/85/90/95/100,6/6/6/6/6,Volatile Spiderling / Skittering Frenzy,60/70/80/90/100,12/12/12/12/12,Cocoon / Rappel,50/50/50/50/50,12/11.5/11/10.5/10,Spider Form,0/0/0/0,4/4/4/4
Evelynn,1/5/2009,144,0.025,0.489,0.038,9.0/5.8/6.9,0.0005,4,2,7,10,Melee,Mana,572,84,315.6,42,335,37,3.5,32.1,1.25,125,8.5,0.75,8.108,0.6,61,3,0.667,2.1,Hate Spike,40/45/50/55/60,0/0/0/0/0,Allure,60/70/80/90/100,0/0/0/0/0,Whiplash,40/45/50/55/60,8/8/8/8/8,Last Caress,100/100/100,140/110/80
Ezreal,16/3/2010,5,0.172,0.48,0.076,7.1/5.6/6.8,0.0011,7,2,6,7,Ranged,Mana,500,86,375,50,325,22,3.5,30,0.5,550,4,0.55,8.5,0.65,60,2.5,0.625,2.5,Mystic Shot,28/31/34/37/40,5.5/5.25/5/4.75/4.5,Essence Flux,50/50/50/50/50,12/12/12/12/12,Arcane Shift,90/90/90/90/90,25/22/19/16/13,Trueshot Barrage,100/100/100,120/120/120
Fiddlesticks,21/2/2009,126,0.033,0.513,0.016,5.9/6.1/9.3,0.0003,2,3,9,9,Ranged,Mana,580.4,92,500,28,335,34,3.5,30,0.5,480,5.5,0.6,8,0.8,55.36,2.625,0.625,2.11,Terrify,65/65/65/65/65,15/14.5/14/13.5/13,Bountiful Harvest,60/65/70/75/80,9/8.5/8/7.5/7,Reap,40/45/50/55/60,10/9/8/7/6,Crowstorm,100/100/100,140/110/80
Fiora,29/2/2012,90,0.045,0.497,0.072,5.7/6.6/4.1,0.0009,10,4,2,3,Melee,Mana,550,85,300,40,345,33,3.5,32.1,1.25,150,8.5,0.55,8,0.7,68,3.3,0.69,3.2,Lunge,20/25/30/35/40,16/14/12/10/8,Riposte,50/50/50/50/50,24/22/20/18/16,Bladework,40/40/40/40/40,11/9.5/8/6.5/5,Grand Challenge,100/100/100,110/90/70
Fizz,15/11/2011,109,0.04,0.493,0.064,8.8/6.3/5.7,0.0009,6,4,7,6,Melee,Mana,570,98,317.2,37,335,22.412,3.4,32.1,1.25,175,8,0.7,6,0.8,58.04,3,0.658,3.1,Urchin Strike,50/50/50/50/50,8/7.5/7/6.5/6,Seastone Trident,30/40/50/60/70,7/6.5/6/5.5/5,Playful / Trickster,90/95/100/105/110,16/14.5/13/11.5/10,Chum the Waters,100/100/100,100/85/70
Galio,10/8/2010,104,0.041,0.528,0.015,4.9/5.5/10.3,0.0001,1,10,6,5,Melee,Mana,562,112,500,40,335,24,3.5,32,1.25,150,8,0.8,9.5,0.7,59,3.5,0.625,1.5,Winds of War,70/75/80/85/90,12/11.5/11/10.5/10,Shield of Durand,50/50/50/50/50,16/15/14/13/12,Justice Punch,50/50/50/50/50,12/11/10/9/8,Hero's Entrance,100/100/100,200/180/160
Gangplank,19/8/2009,125,0.033,0.487,0.012,6.0/6.0/6.4,0.0010,7,6,4,9,Melee,Mana,540,82,282,40,345,35,3,32.1,1.25,125,6,0.6,7.5,0.7,64,3,0.658,3.2,Parrrley,60/55/50/45/40,5/5/5/5/5,Remove Scurvy,80/90/100/110/120,22/20/18/16/14,Powder Keg,0/0/0/0/0,0/0/0/0/0,Cannon Barrage,100/100/100,180/160/140
Garen,27/4/2010,12,0.122,0.513,0.154,6.7/5.5/4.2,0.0007,7,7,1,5,Melee,None,620,84,0,0,340,36,3,32.1,0.75,175,8,0.5,0,0,66,4.5,0.625,3.65,Decisive Strike,0/0/0/0/0,8/8/8/8/8,Courage,0/0/0/0/0,23/21/19/17/15,Judgment,0/0/0/0/0,9/9/9/9/9,Demacian Justice,0/0/0,120/100/80
Gnar,14/8/2014,118,0.036,0.498,0.008,5.3/5.9/6.1,0.0003,6,5,5,8,Ranged,Rage,510,65,100,0,335,32,2.5,30,0.5,175,4.5,1.75,0,0,59,3,0.625,6,Boomerang Throw / Boulder Toss,0/0/0/0/0,20/17.5/15/12.5/10,Hyper / Wallop,0/0/0/0/0,7/7/7/7/7,Hop / Crunch,0/0/0/0/0,22/19.5/17/14.5/12,GNAR!,0/0/0,90/60/30
Gragas,2/2/2010,48,0.069,0.493,0.021,6.0/5.7/7.6,0.0003,4,7,6,5,Melee,Mana,600,95,400,47,330,35,3.6,32.1,1.25,125,5.5,0.5,6,0.8,64,3.5,0.675,2.05,Barrel Roll,60/65/70/75/80,11/10/9/8/7,Drunken Rage,30/30/30/30/30,6/6/6/6/6,Body Slam,50/50/50/50/50,16/15/14/13/12,Explosive Cask,100/100/100,120/100/80
Graves,19/10/2011,60,0.062,0.488,0.024,7.9/6.1/6.6,0.0027,8,5,3,3,Ranged,Mana,555,92,325,40,340,33,3.4,32,1.25,425,8,0.7,8,0.7,68,3,0.475,2.6,End of the Line,60/60/60/60/60,12/11/10/9/8,Smoke Screen,70/75/80/85/90,26/24/22/20/18,Quickdraw,40/40/40/40/40,16/15/14/13/12,Collateral Damage,100/100/100,120/90/60
Gwen,15/4/2021,76,0.051,0.509,0.034,6.6/6.1/4.6,0.0024,,,,7,Melee,Mana,620,115,330,40.0,340,39,5.2,32,2.05,150,9.0,0.9,7.5,0.7,63,3.0,0.69,2.25,Snip Snip!,40/40/40/40/40,6.5/5.75/5/4.25/3.5,Hallowed Mist,60/60/60/60/60,22/21/20/19/18,Skip 'n Slash,35/35/35/35/35,13/12.5/12/11.5/11,Needlework,100/100/100,120/100/80
Hecarim,18/4/2012,102,0.041,0.49,0.039,7.3/5.9/8.2,0.0013,8,6,4,6,Melee,Mana,580,90,277.2,40,345,36,4,32.1,1.25,175,7,0.75,6.5,0.6,66,3.2,0.67,2.5,Rampage,28/31/34/37/40,4/4/4/4/4,Spirit of Dread,50/60/70/80/90,22/21/20/19/18,Devastating Charge,60/60/60/60/60,20/19/18/17/16,Onslaught of Shadows,100/100/100,140/120/100
Heimerdinger,10/10/2009,154,0.02,0.506,0.013,5.0/6.4/6.5,0.0004,2,6,8,8,Ranged,Mana,488,87,385,20,340,19.04,3,30,0.5,550,7,0.55,8,0.8,55.536,2.7,0.625,1.36,H-28 G Evolution Turret,20/20/20/20/20,1/1/1/1/1,Hextech Micro-Rockets,50/60/70/80/90,11/10/9/8/7,CH-2 Electron Storm Grenade,85/85/85/85/85,12/12/12/12/12,UPGRADE!!!,100/100/100,100/85/70
Hwei,5/12/2023,30,0.085,0.507,0.09,5.8/5.8/8.5,0.0005,,,,10,Ranged,Mana,580,109,480,30.0,330,21,4.7,30,1.3,550,5.5,0.55,7.5,0.75,54,3.3,0.69,2.5,Subject: Disaster,80/90/100/110/120,10/9/8/7/6,Subject: Serenity,90/95/100/105/110,18/17.5/17/16.5/16,Subject: Torment,50/55/60/65/70,12/11.5/11/10.5/10,Spiraling Despair,100/100/100,140/115/80
Illaoi,24/11/2015,93,0.045,0.512,0.114,5.3/6.6/4.5,0.0005,8,6,3,4,Melee,Mana,585.6,95,300,40,340,35,3.8,32.1,1.25,125,9.5,0.8,7.5,0.75,68,5,0.571,2.5,Tentacle Smash,40/45/50/55/60,10/9/8/7/6,Harsh Lesson,30/30/30/30/30,4/4/4/4/4,Test of Spirit,35/40/45/50/55,16/15/14/13/12,Leap of Faith,100/100/100,120/95/70
Irelia,16/11/2010,68,0.056,0.49,0.08,7.0/7.3/4.6,0.0015,7,4,5,5,Melee,Mana,580,95,350,30,335,36,3,32,1.25,200,8.5,0.85,8,0.8,63,4,0.656,2.5,Bladesurge,20/20/20/20/20,12/11/10/9/8,Defiant Dance,70/75/80/85/90,20/18/16/14/12,Flawless Duet,50/50/50/50/50,18/16.5/15/13.5/12,Vanguard's Edge,100/100/100,140/120/100
Ivern,5/10/2016,167,0.014,0.498,0.007,2.6/4.7/13.5,0.0000,3,5,7,7,Ranged,Mana,585,95,450,60,330,27,3.5,32.1,1.25,475,7,0.85,6,0.75,50,3,0.644,3.4,Rootcaller,60/60/60/60/60,14/13/12/11/10,Brushmaker,30/30/30/30/30,0.5/0.5/0.5/0.5/0.5,Triggerseed,70/70/70/70/70,12/11/10/9/8,Daisy!,100/100/100,140/130/120
Janna,2/9/2009,112,0.038,0.519,0.014,1.6/5.0/14.8,0.0000,3,5,7,7,Ranged,Mana,500,70,350,64,315,28,3.8,30,0.5,550,5.5,0.55,11.5,0.4,46,1.5,0.625,2.95,Howling Gale,60/80/100/120/140,12/12/12/12/12,Zephyr,50/60/70/80/90,8/7.5/7/6.5/6,Eye Of The Storm,70/80/90/100/110,16/15/14/13/12,Monsoon,100/100/100,150/135/120
Jarvan IV,1/3/2011,18,0.103,0.514,0.049,6.1/5.7/12.5,0.0002,6,8,3,5,Melee,Mana,570,90,300,40,340,34,3.6,32.1,1.25,175,8,0.7,6.5,0.45,64,3.4,0.658,2.5,Dragon Strike,45/50/55/60/65,10/9/8/7/6,Golden Aegis,30/30/30/30/30,12/12/12/12/12,Demacian Standard,55/55/55/55/55,12/12/12/12/12,Cataclysm,100/100/100,120/105/90
Jax,21/2/2009,42,0.075,0.499,0.084,6.0/6.1/4.7,0.0007,7,5,7,5,Melee,Mana,592.8,85,338.8,32,350,36,3,32.1,1.25,125,8.5,0.55,7.576,0.7,68,3.375,0.638,3.4,Leap Strike,65/65/65/65/65,8/7.5/7/6.5/6,Empower,30/30/30/30/30,7/6/5/4/3,Counter Strike,50/60/70/80/90,16/14/12/10/8,Grandmaster's Might,100/100/100,80/80/80
Jayce,7/7/2012,85,0.047,0.481,0.019,6.5/6.8/6.0,0.0009,8,4,3,7,Melee,Mana,560,90,375,45,335,27,3.5,30,0.5,125,6,0.6,6,0.8,54,4.25,0.658,3,To the Skies! / Shock Blast,40/40/40/40/40,16/14/12/10/8/6,Lightning Field / Hyper Charge,40/40/40/40/40/40,10/10/10/10/10/10,Thundering Blow / Acceleration Gate,55/55/55/55/55/55,20/18/16/14/12/10,Mercury Cannon / Mercury Hammer,0,6
Jhin,1/2/2016,1,0.276,0.517,0.176,7.7/5.4/8.3,0.0024,10,2,6,6,Ranged,Mana,556,91,300,50,330,24,3.5,30,0.5,550,3.75,0.55,6,0.8,59,4.7,0.625,0,Dancing Grenade,40/45/50/55/60,7/6.5/6/5.5/5,Deadly Flourish,50/60/70/80/90,12/12/12/12/12,Captive Audience,30/35/40/45/50,2/2/2/2/2,Curtain Call,100/100/100,120/105/90
Jinx,10/10/2013,3,0.198,0.507,0.061,7.8/6.1/6.7,0.0074,9,2,4,6,Ranged,Mana,581,84,245,45,325,28,3.5,30,0.5,525,3.75,0.5,6.7,1,57,3.4,0.625,1,Switcheroo!,20/20/20/20/20,1/1/1/1/1,Zap!,50/60/70/80/90,8/7/6/5/4,Flame Chompers!,70/70/70/70/70,24/20.5/17/13.5/10,Super Mega Death Rocket!,100/100/100,90/75/60
Kai'Sa,7/3/2018,2,0.259,0.508,0.081,8.5/5.9/6.6,0.0032,8,5,3,6,Ranged,Mana,571,86,344.88,38,335,28,3,30,0.5,525,3.5,0.55,8.2,0.45,59,1.7,0.644,1.8,Icathian Rain,55/55/55/55/55,8/7.5/7/6.5/6,Void Seeker,55/60/65/70/75,22/20/18/16/14,Supercharge,30/30/30/30/30,16/15/14/13/12,Killer Instinct,100/100/100,110/90/70
Kalista,20/11/2014,151,0.023,0.48,0.005,8.5/6.7/6.0,0.0024,8,2,4,7,Ranged,Mana,534,100,250,45,325,21,4,30,0.5,525,3.75,0.55,6.3,0.4,69,4,0.694,4,Pierce,50/55/60/65/70,8/8/8/8/8,Sentinel,20/20/20/20/20,30/30/30/30/30,Rend,30/30/30/30/30,0/0/0/0/0,Fate's Call,100/100/100,150/120/90
Karma,1/2/2011,43,0.074,0.497,0.028,2.6/6.0/12.8,0.0000,1,7,8,5,Ranged,Mana,534,95,374,50,335,26,3.8,30,0.5,525,5.5,0.55,11.5,0.5,53.544,3.3,0.625,2.3,Inner Flame,50/55/60/65/70,7/6.5/6/5.5/5,Focused Resolve,50/55/60/65/70,12/12/12/12/12,Inspire,50/55/60/65/70,10/9.5/9/8.5/8,Mantra,0/0/0/0,45/42/39/36
Karthus,12/6/2009,135,0.029,0.496,0.032,8.0/7.5/9.4,0.0009,2,2,10,7,Ranged,Mana,528,87,467,30.5,325,20.88,3.5,30,0.5,450,6.5,0.55,8,0.8,45.66,3.25,0.625,2.11,Lay Waste,20/26/32/38/44,0/0/0/0/0,Wall of Pain,70/70/70/70/70,15/15/15/15/15,Defile,30/42/54/66/78,0.5/0.5/0.5/0.5/0.5,Requiem,100/100/100,200/180/160
Kassadin,7/8/2009,156,0.019,0.513,0.018,8.0/5.5/5.5,0.0065,3,5,8,8,Melee,Mana,576,90,397.6,67,335,19,2.8,30,0.5,150,6,0.5,6,0.8,58.852,3.9,0.64,3.7,Null Sphere,70/75/80/85/90,11/10.5/10/9.5/9,Nether Blade,1/1/1/1/1,7/7/7/7/7,Force Pulse,60/65/70/75/80,5/5/5/5/5,Riftwalk,50/50/50,5/3.5/2
Katarina,19/9/2009,47,0.07,0.485,0.07,9.7/7.0/5.7,0.0070,4,3,9,8,Melee,None,602,94,0,0,340,27.88,3.5,32.1,1.25,125,7.5,0.7,0,0,58,3.2,0.658,2.74,Bouncing Blade,0/0/0/0/0,11/10/9/8/7,Preparation,0/0/0/0/0,15/14/13/12/11,Shunpo,0/0/0/0/0,14/12.5/11/9.5/8,Death Lotus,0/0/0,90/60/45
Kayle,21/2/2009,143,0.025,0.511,0.008,5.5/5.9/5.5,0.0023,6,6,7,7,Melee,Mana,600,85,330,50,335,26,3,34,0.5,175,5,0.5,8,0.8,50,2.5,0.625,1.5,Radiant Blast,70/75/80/85/90,12/11/10/9/8,Celestial Blessing,70/80/90/100/110,15/15/15/15/15,Starfire Spellblade,50/55/60/65/70,8/8/8/8/8,Divine Judgment,100/50/0,160/120/80
Kayn,12/7/2017,44,0.073,0.502,0.057,7.6/6.5/7.4,0.0010,10,6,1,8,Melee,Mana,585,85,410,50,340,38,3.3,32.1,1.25,175,8,0.75,11.5,0.95,68,3.3,0.669,2.7,Reaping Slash,50/50/50/50/50,6/5.5/5/4.5/4,Blade's Reach,60/65/70/75/80,13/12/11/10/9,Shadow Step,90/90/90/90/90,21/19/17/15/13,Umbral Trespass,100/100/100,120/100/80
Kennen,8/4/2010,145,0.025,0.506,0.016,6.0/5.9/6.5,0.0008,6,4,7,4,Ranged,Energy,541,84,200,0,335,29,3.75,30,0.5,550,5.5,0.65,50,0,48,3.75,0.625,3.4,Thundering Shuriken,60/55/50/45/40,8/7/6/5/4,Electrical Surge,40/40/40/40/40,14/12/10/8/6,Lightning Rush,100/95/90/85/80,10/9/8/7/6,Slicing Maelstrom,0/0/0,120/120/120
Kha'Zix,27/9/2012,19,0.102,0.505,0.099,8.8/5.9/6.4,0.0012,9,4,3,6,Melee,Mana,572.8,85,327.2,40,350,36,3,32.1,1.25,125,7.5,0.75,7.59,0.5,63,3.1,0.668,2.7,Taste Their Fear,20/20/20/20/20,4/4/4/4/4,Void Spike,55/60/65/70/75,9/9/9/9/9,Leap,50/50/50/50/50,20/18/16/14/12,Void Assault,100/100/100,100/85/70
Kindred,14/10/2015,141,0.026,0.483,0.018,7.7/6.7/6.9,0.0022,8,2,2,4,Ranged,Mana,540,85,300,35,325,29,3.5,30,0.5,500,7,0.55,7,0.4,65,2.5,0.625,3.5,Dance of Arrows,35/35/35/35/35,9/9/9/9/9,Wolf's Frenzy,40/40/40/40/40,18/17/16/15/14,Mounting Dread,0/0/0/0/0,16/15/14/13/12,Lamb's Respite,0/0/0,180/150/120
Kled,10/8/2016,160,0.018,0.515,0.009,7.1/6.2/6.5,0.0011,8,2,2,7,Melee,Courage,340,70,100,0,345,35,4,32.1,1.25,125,6,0.75,0,0,65,3.5,0.625,3.5,Bear Trap on a Rope,0/0/0/0/0,11/10/9/8/7,Violent Tendencies,0/0/0/0/0,14/12.5/11/9.5/8,Jousting,0/0/0/0/0,14/13/12/11/10,Chaaaaaaaarge!!!,0/0/0,160/140/120
Kog'Maw,24/6/2010,114,0.037,0.528,0.016,8.2/6.7/7.0,0.0018,8,2,5,6,Ranged,Mana,534,88,325,40,330,24,3.5,30,0.5,500,3.75,0.55,8.75,0.7,61,3.11,0.665,2.65,Caustic Spittle,40/40/40/40/40,8/8/8/8/8,Bio-Arcane Barrage,40/40/40/40/40,17/17/17/17/17,Void Ooze,80/90/100/110/120,12/12/12/12/12,Living Artillery,40/40/40,2/1.5/1
K'sante,2/11/2022,116,0.037,0.428,0.021,4.5/5.7/5.8,0.0002,,,,9,Melee,Mana,625,120,320,60.0,330,33,5.2,30,2.1,175,9.5,1.0,7.0,1.0,64,3.5,0.625,2.5,Ntofo Strikes,20/20/20/20/20,3.5?2/3.5?2/3.5?2/3.5?2/3.5?2/,Path Maker,40/45/50/55/60,24/22/20/18/16,Footwork,45/50/55/60/65,10/9.5/9/8.5/8,All Out,100/100/100,120/100/80
LeBlanc,2/11/2010,39,0.079,0.504,0.243,7.9/5.3/6.7,0.0005,1,4,10,9,Ranged,Mana,528,92,334,50,340,21.88,3.5,30,0.5,525,7.5,0.55,6,0.8,54.88,3.5,0.625,1.4,Sigil of Malice,50/60/70/80/90,6/6/6/6/6,Distortion,60/75/90/105/120,18/16/14/12/10,Ethereal Chains,70/70/70/70/70,14/13.25/12.5/11.75/11,Mimic,0/0/0,60/45/30
Lee Sin,1/4/2011,6,0.165,0.478,0.137,7.4/6.0/8.3,0.0005,8,5,3,6,Melee,Energy,575,85,200,0,345,33,3.7,32.1,1.25,125,7.5,0.7,50,0,70,3.2,0.651,3,Sonic Wave / Resonating Strike,50/50/50/50/50,11/10/9/8/7,Safeguard / Iron Will,50/50/50/50/50,12/12/12/12/12,Tempest / Cripple,50/50/50/50/50,10/10/10/10/10,Dragon's Rage,0/0/0,110/85/60
Leona,13/7/2011,38,0.079,0.496,0.151,1.9/6.4/13.8,0.0000,4,8,3,4,Melee,Mana,576.16,87,302.2,40,335,47,3.6,32.1,1.25,125,8.5,0.85,6,0.8,60.04,3,0.625,2.9,Shield of Daybreak,45/50/55/60/65,5/5/5/5/5,Eclipse,60/60/60/60/60,14/13/12/11/10,Zenith Blade,60/60/60/60/60,12/10.5/9/7.5/6,Solar Flare,100/100/100,90/75/60
Lillia,22/7/2020,58,0.062,0.513,0.125,6.5/5.3/8.5,0.0010,,,,8,Melee,Mana,605,105,410,50.0,330,22,5.2,32,1.55,325,2.5,0.55,11.5,0.95,61,3.1,0.625,2.7,Blooming Blows,65/65/65/65/65/65,6/5.5/5/4.5/4,Watch Out! Eep!,50/50/50/50/50,14/13/12/11/10,Swirlseed,70/70/70/70/70,14/14/14/14/14,Lilting Lullaby,50/50/50,150/130/110
Lissandra,30/4/2013,89,0.046,0.509,0.03,5.6/6.1/8.9,0.0005,2,5,8,6,Ranged,Mana,550,90,475,30,325,22,3.7,30,0.5,550,7,0.55,8,0.4,53,2.7,0.656,1.36,Ice Shard,60/65/70/75/80,8/7/6/5/4,Ring of Frost,40/40/40/40/40,14/13/12/11/10,Glacial Path,80/85/90/95/100,24/21/18/15/12,Frozen Tomb,100/100/100,120/100/80
Lucian,22/8/2013,23,0.095,0.493,0.021,8.3/6.1/6.1,0.0028,8,5,3,6,Ranged,Mana,571,86,348.88,38,335,28,3,30,0.5,500,3.75,0.65,8.176,0.7,64,2.75,0.638,3.3,Piercing Light,50/60/70/80/90,9/8/7/6/5,Ardent Blaze,70/70/70/70/70,14/13/12/11/10,Relentless Pursuit,40/30/20/10/0,22/20/18/16/14,The Culling,100/100/100,110/100/90
Lulu,20/3/2012,15,0.116,0.514,0.095,1.5/4.9/14.7,0.0000,4,5,7,5,Ranged,Mana,525,74,350,55,330,29,3.7,30,0.5,550,6,0.6,11,0.6,47,2.6,0.625,2.25,Glitterlance,50/55/60/65/70,7/7/7/7/7,Whimsy,65/65/65/65/65,16/15/14/13/12,Help Pix!,60/65/70/75/80,8/8/8/8/8,Wild Growth,100/100/100,110/95/80
Lux,19/10/2010,7,0.155,0.502,0.082,5.2/6.2/10.6,0.0001,2,4,9,5,Ranged,Mana,490,85,480,23.5,330,18.72,4,30,0.5,550,5.5,0.55,8,0.8,53.54,3.3,0.669,1,Light Binding,50/50/50/50/50,11/10.5/10/9.5/9,Prismatic Barrier,60/60/60/60/60,14/13/12/11/10,Lucent Singularity,70/80/90/100/110,10/9.5/9/8.5/8,Final Spark,100/100/100,80/60/40
Malphite,2/9/2009,54,0.063,0.504,0.071,5.1/5.4/8.2,0.0002,5,9,7,2,Melee,Mana,574.2,90,282.2,40,335,37,3.75,32.1,1.25,125,7,0.55,7.324,0.55,61.97,4,0.736,3.4,Seismic Shard,70/75/80/85/90,8/8/8/8/8,Thunderclap,30/35/40/45/50,12/12/12/12/12,Ground Slam,50/55/60/65/70,7/7/7/7/7,Unstoppable Force,100/100/100,130/105/80
Malzahar,1/6/2010,78,0.049,0.506,0.068,5.1/5.9/7.6,0.0002,2,2,9,6,Ranged,Mana,537,87,375,27.5,335,18,3.5,30,0.5,500,6,0.6,8,0.8,55,3,0.625,1.5,Call of the Void,80/80/80/80/80,6/6/6/6/6,Void Swarm,40/45/50/55/60,8/8/8/8/8,Malefic Visions,60/70/80/90/100,15/13/11/9/7,Nether Grasp,100/100/100,140/110/80
Maokai,16/2/2011,152,0.023,0.488,0.004,2.7/6.3/12.1,0.0000,3,8,6,3,Melee,Mana,565,95,375,43,335,39,4,32.1,1.25,125,5,0.75,7.2,0.6,63.54,3.3,0.8,2.125,Bramble Smash,60/60/60/60/60,8/7.25/6.5/5.75/5,Twisted Advance,60/60/60/60/60,13/12/11/10/9,Sapling Toss,60/65/70/75/80,10/10/10/10/10,Nature's Grasp,100/100/100,120/100/80
Master Yi,21/2/2009,66,0.057,0.494,0.092,8.2/6.8/5.7,0.0078,10,4,2,4,Melee,Mana,598.56,92,250.56,42,355,33,3,32.1,1.25,125,7.5,0.65,7.256,0.45,66,3,0.679,2,Alpha Strike,50/55/60/65/70,18/17/16/15/14,Meditate,50/50/50/50/50,28/28/28/28/28,Wuju Style,0/0/0/0/0,18/17/16/15/14,Highlander,100/100/100,85/85/85
Milio,23/3/2023,55,0.063,0.515,0.036,1.0/4.4/14.9,0.0000,,,,4,Ranged,Mana,560,88,365,43.0,330,26,4.6,30,1.3,525,5.0,0.5,11.5,0.4,48,3.2,0.625,3.0,Ultra Mega Fire Kick,50/55/60/65/70,10/10/10/10/10,Cozy Campfire,90/100/110/120/130,29/27/25/23/21,Warm Hugs,50/60/70/80/90,0.5/0.5/0.5/0.5/0.5,Breath of Life,100/100/100,160/145/130
Miss Fortune,8/9/2010,35,0.08,0.493,0.029,7.6/6.4/7.3,0.0028,8,2,5,1,Ranged,Mana,541,91,325.84,35,325,28,3,30,0.5,550,3.75,0.65,8.042,0.65,50,2.7,0.656,2.25,Double Up,43/46/49/52/55,7/6/5/4/3,Strut,30/30/30/30/30,12/12/12/12/12,Make It Rain,80/80/80/80/80,18/16/14/12/10,Bullet Time,100/100/100,120/110/100
Wukong,26/7/2011,36,0.038,0.504,0.006,6.8/6.1/4.9,0.0014,8,5,2,3,Melee,Mana,540,85,300,45,345,31,3.5,28,1.25,175,4,0.65,8,0.65,68,4,0.711,3,Crushing Blow,40/40/40/40/40,9/8.5/8/7.5/7,Warrior Trickster,80/70/60/50/40,20/19/18/17/16,Nimbus Strike,30/35/40/45/50,10/9.5/9/8.5/8,Cyclone,100/100/100,120/105/90
Mordekaiser,24/2/2010,64,0.08,0.519,0.132,3.3/6.3/12.7,0.0000,4,6,7,4,Melee,Shield,575,90,100,0,335,37,3,32,1.25,175,5,0.75,0,0,61,4,0.625,1,Obliterate,0/0/0/0/0,9/7.75/6.5/5.25/4,Indestructible,0/0/0/0/0,14/13/12/11/10,Death's Grasp,0/0/0/0/0,24/21/18/15/12,Realm of Death,0/0/0,140/120/100
Morgana,21/2/2009,139,0.059,0.499,0.24,8.2/6.5/6.0,0.0016,1,6,8,1,Ranged,Mana,560,90,340,60,335,25,3.8,30,0.5,450,5.5,0.4,11,0.4,56,3.5,0.625,1.53,Dark Binding,50/55/60/65/70,11/11/11/11/11,Tormented Shadow,70/85/100/115/130,12/12/12/12/12,Black Shield,80/80/80/80/80,26/24/22/20/18,Soul Shackles,100/100/100,120/110/100
Naafiri,19/7/2023,22,0.027,0.517,0.024,1.5/5.2/15.7,0.0000,,,,2,Melee,Mana,635,120,400,55.0,340,30,4.7,32,2.05,125,9.0,0.9,7.5,1.0,55,2.1,0.663,2.1,Darkin Daggers,55/60/65/70/75,9/8.5/8/7.5/7,Hounds' Pursuit,70/60/50/40/30,22/20/18/16/14,Eviscerate,35/35/35/35/35,10/9.5/9/8.5/8,The Call of the Pack,0,120/110/100
Nami,7/12/2012,34,0.099,0.521,0.015,5.1/5.5/5.4,0.0005,4,3,7,5,Ranged,Mana,475,74,365,43,335,29,4,30,0.5,550,5.5,0.55,11.5,0.4,51.208,3.1,0.644,2.61,Aqua Prison,60/60/60/60/60,12/11/10/9/8,Ebb and Flow,70/85/100/115/130,10/10/10/10/10,Tidecaller's Blessing,55/60/65/70/75,11/11/11/11/11,Tidal Wave,100/100/100,120/110/100
Nasus,1/10/2009,20,0.083,0.515,0.142,2.1/6.7/13.6,0.0000,7,5,6,6,Melee,Mana,561.2,90,325.6,42,350,34,3.5,32.1,1.25,125,9,0.9,7.44,0.5,67,3.5,0.638,3.48,Siphoning Strike,20/20/20/20/20,8/7/6/5/4,Wither,80/80/80/80/80,15/14/13/12/11,Spirit Fire,70/85/100/115/130,12/12/12/12/12,Fury of the Sands,100/100/100,120/120/120
Nautilus,14/2/2012,134,0.101,0.486,0.17,4.7/6.2/9.4,0.0001,4,6,6,6,Melee,Mana,576.48,86,400,47,325,39,3.75,32.1,1.25,175,8.5,0.55,8.626,0.5,61,3.3,0.706,1,Dredge Line,60/60/60/60/60,14/13/12/11/10,Titan's Wrath,80/80/80/80/80,12/12/12/12/12,Riptide,50/60/70/80/90,7/6.5/6/5.5/5,Depth Charge,100/100/100,120/100/80
Neeko,5/12/2018,79,0.029,0.5,0.008,7.1/5.5/7.9,0.0004,1,1,9,5,Ranged,Mana,540,90,450,30,340,21,4,30,0.5,550,7.5,0.75,7,0.7,48,2.5,0.625,3.5,Blooming Burst,50/60/70/80/90,7/7/7/7/7,Shapesplitter,0/0/0/0/0,20/19/18/17/16,Tangle-Barbs,60/65/70/75/80,12/11.5/11/10.5/10,Pop Blossom,100/100/100,90/90/90
Nidalee,17/12/2009,155,0.048,0.478,0.036,7.9/6.4/6.2,0.0060,5,4,7,8,Ranged,Mana,545,85,295.6,45,335,28,3.5,30,0.5,525,6,0.6,6,0.8,61,3.5,0.638,3.22,Javelin Toss / Takedown,50/60/70/80/90,6/6/6/6/6,Bushwhack / Pounce,40/45/50/55/60,13/12/11/10/9,Primal Surge / Swipe,60/75/90/105/120,12/12/12/12/12,Aspect Of The Cougar,0/0/0/0,3/3/3/3
Nilah,13/7/2022,49,0.019,0.516,0.029,7.1/5.8/8.4,0.0004,,,,8,Melee,Mana,570,101,350,35.0,340,27,4.5,32,2.05,225,6.0,0.9,8.2,0.7,58,2.0,0.697,3.0,Formless Blade,30/30/30/30/30,4/4/4/4/4,Jubilant Veil,60/45/30/15/0,26/25/24/23/22,Slipstream,50/50/50/50/50,0.5/0.5/0.5/0.5/0.5,Apotheosis,80/80/80,110/95/80
Nocturne,15/3/2011,115,0.069,0.518,0.104,5.9/6.7/11.2,0.0001,9,5,2,4,Melee,Mana,585,85,275,35,345,38,3.5,32.1,0.75,125,7,0.75,7,0.45,62,3.1,0.721,2.7,Duskbringer,60/65/70/75/80,10/10/10/10/10,Shroud of Darkness,50/50/50/50/50,20/18/16/14/12,Unspeakable Horror,60/65/70/75/80,15/14/13/12/11,Paranoia,100/100/100,150/125/100
Nunu & Willump,21/2/2009,161,0.037,0.494,0.007,6.8/6.6/4.8,0.0020,4,6,7,4,Melee,Mana,570,82,280,42,345,32,3,32.1,1.25,125,5,0.8,7,0.5,61,3,0.625,2.25,Consume,60/60/60/60/60,12/11/10/9/8,Biggest Snowball Ever!,50/55/60/65/70,14/14/14/14/14,Snowball Barrage,50/55/60/65/70,14/14/14/14/14,Absolute Zero,100/100/100,110/100/90
Olaf,9/6/2010,80,0.017,0.495,0.011,5.6/5.4/8.7,0.0006,9,5,3,3,Melee,Mana,597.24,93,315.6,42,350,35,3,32.1,1.25,125,8.5,0.9,7.466,0.575,68,3.5,0.694,2.7,Undertow,60/60/60/60/60,7/7/7/7/7,Vicious Strikes,30/30/30/30/30,16/16/16/16/16,Reckless Swing,0/0/0/0/0,11/10/9/8/7,Ragnarok,0/0/0,100/90/80
Orianna,1/6/2011,91,0.048,0.492,0.008,4.0/5.0/8.5,0.0001,4,3,9,7,Ranged,Mana,530,91,418,25,325,17.04,3,26,0.5,525,7,0.55,8,0.8,40.368,2.6,0.658,3.5,Command: Attack,30/35/40/45/50,6/5.25/4.5/3.75/3,Command: Dissonance,70/80/90/100/110,7/7/7/7/7,Command: Protect,60/60/60/60/60,9/9/9/9/9,Command: Shockwave,100/100/100,110/95/80
Ornn,23/8/2017,65,0.045,0.517,0.008,7.2/7.3/7.6,0.0005,5,9,3,5,Melee,Mana,590,95,340.6,45,335,36,4,32.1,1.25,175,9,0.9,8.01,0.6,69,3.5,0.625,2,Volcanic Rupture,45/45/45/45/45,9/8.5/8/7.5/7,Bellows Breath,45/50/55/60/65,12/11.5/11/10.5/10,Searing Charge,35/40/45/50/55,16/15/14/13/12,Call of the Forge God,100/100/100,140/120/100
Pantheon,2/2/2010,37,0.058,0.492,0.02,4.4/6.2/10.2,0.0000,9,4,3,4,Melee,Mana,580,95,317.12,31,355,40,3.75,28,1.25,175,10,0.65,7.356,0.45,64,3.3,0.644,2.95,Comet Spear,40/40/40/40/40,10/9.5/9/8.5/8,Shield Vault,55/55/55/55/55,13/12/11/10/9,Aegis Assault,80/80/80/80/80,22/20.5/19/17.5/16,Grand Starfall,100/100/100,180/165/150
Poppy,13/1/2010,41,0.079,0.515,0.08,6.7/7.6/9.5,0.0007,6,7,2,6,Melee,Mana,540,90,280,40,345,38,3.5,32,1.25,125,8,0.8,7,0.7,64,4,0.625,2.5,Hammer Shock,35/40/45/50/55,8/7/6/5/4,Steadfast Presence,50/50/50/50/50,24/22/20/18/16,Heroic Charge,70/70/70/70/70,14/13/12/11/10,Keeper's Verdict,100/100/100,140/120/100
Pyke,31/5/2018,138,0.076,0.489,0.2,8.1/6.8/5.8,0.0015,9,3,1,7,Melee,Mana,600,90,415,50,330,45,5,32,1.5,150,7,0.5,8,1,62,2,0.667,2.5,Bone Skewer,70/70/70/70/70,12/11/10/9/8,Ghostwater Dive,50/50/50/50/50,12/11.5/11/10.5/10,Phantom Undertow,40/40/40/40/40,15/15/15/15/15,Death From Below,100/100/100,120/100/80
Qiyana,28/6/2019,159,0.027,0.467,0.006,7.7/7.4/6.6,0.0010,0,2,4,8,Melee,Mana,590,90,320,50,335,28,3.5,32.1,1.25,150,8.5,0.65,8,0.7,64,3.1,0.625,2.1,Elemental Wrath / Edge of Ixtal,35/35/35/35/35,7/7/7/7/7,Terrashape,25/30/35/40/45,7/7/7/7/7,Audacity,40/45/50/55/60,12/11/10/9/8,Supreme Display of Talent,100/100/100,120/120/120
Quinn,1/3/2013,105,0.018,0.507,0.012,1.5/5.7/14.5,0.0000,9,4,2,5,Ranged,Mana,532.8,85,268.8,35,335,28,3.5,30,0.5,525,5.5,0.55,6.972,0.4,59,2.4,0.668,3.1,Blinding Assault,50/55/60/65/70,11/10.5/10/9.5/9,Heightened Senses,0/0/0/0/0,50/45/40/35/30,Vault,50/50/50/50/50,12/11/10/9/8,Behind Enemy Lines,100/50/0,3/3/2003
Rakan,19/4/2017,147,0.04,0.493,0.005,4.1/5.7/11.2,0.0000,2,4,8,5,Melee,Mana,540,85,315,50,335,32,3.9,32.1,1.25,300,5,0.5,8.75,0.5,62,3.5,0.635,3,Gleaming Quill,60/60/60/60/60,0/0/0/0/0,Grand Entrance,50/60/70/80/90,18/16.5/15/13.5/12,Battle Dance,60/70/80/90/100,0/0/0/0/0,The Quickness,100/100/100,130/110/90
Rammus,10/7/2009,166,0.025,0.506,0.06,7.0/5.5/8.4,0.0005,4,10,5,5,Melee,Mana,564.48,95,310.44,33,335,36,4.3,32.1,1.25,125,8,0.55,7.84,0.5,55.88,3.5,0.656,2.215,Powerball,60/60/60/60/60,16/13.5/11/8.5/6,Defensive Ball Curl,40/40/40/40/40,6/6/6/6/6,Frenzying Taunt,50/50/50/50/50,12/11.5/11/10.5/10,Tremors,100/100/100,100/80/60
Rek'Sai,11/12/2014,88,0.014,0.511,0.007,1.8/6.3/16.0,0.0000,8,5,2,3,Melee,Rage,570,85,100,0,335,36,3.75,32.1,1.25,175,7.5,0.65,0,0,64,3,0.667,2,Queen's Wrath / Prey Seeker,0/0/0/0/0,4/4/4/4/4,Burrow / Un-burrow,0/0/0/0/0,4/4/4/4/4,Furious Bite / Tunnel,0/0/0/0/0,12/12/12/12/12,Void Rush,0/0/0,100/90/80
Rell,10/12/2020,165,0.046,0.51,0.024,1.8/6.1/14.4,0.0000,,,,3,Melee,Mana,610,104,350,45.0,330,36,4.2,30,2.05,175,7.5,0.85,6.0,0.35,55,3.0,0.625,1.5,Shattering Strike,50/50/50/50/50,11/10.5/10/9.5/9,Ferromancy: Crash Down,40/40/40/40/40,11/11/11/11/11,Full Tilt,40/40/40/40/40,15/15/15/15/15,Magnet Storm,100/100/100,120/100/80
Renata Glasc,17/2/2022,57,0.014,0.488,0.003,5.9/5.9/5.4,0.0007,,,,9,Ranged,Mana,545,94,350,50.0,330,27,4.7,30,1.3,550,5.5,0.55,11.5,0.5,49,3.0,0.625,2.11,Handshake,80/80/80/80/80,16/16/16/16/16,Bailout,80/80/80/80/80,28/27/26/25/24,Loyalty Program,70/80/90/100/110,14/13/12/11/10,Hostile Takeover,100/100/100,150/130/110
Renekton,18/1/2011,133,0.063,0.498,0.041,8.1/6.9/6.1,0.0010,8,5,2,3,Melee,Fury,575,87,100,0,345,35,4,32.1,1.25,125,8,0.75,0,0,69,3.75,0.665,2.75,Cull the Meek,0/0/0/0/0,8/8/8/8/8,Ruthless Predator,0/0/0/0/0,13/12/11/10/9,Slice and Dice,0/0/0/0/0,18/17/16/15/14,Dominus,0/0/0,120/120/120
Rengar,21/8/2012,97,0.03,0.462,0.032,6.7/6.2/4.7,0.0016,7,4,2,8,Melee,Ferocity,585,90,4,0,345,34,3,32.1,1.25,125,7,0.5,0,0,68,3,0.667,3,Savagery,0/0/0/0/0,0.25/0.25/0.25/0.25/0.25,Battle Roar,0/0/0/0/0,0.25/0.25/0.25/0.25/0.25,Bola Strike,0/0/0/0/0,0.25/0.25/0.25/0.25/0.25,Thrill of the Hunt,0/0/0,110/90/70
Riven,14/9/2011,157,0.043,0.491,0.012,6.1/6.5/7.0,0.0005,8,5,1,8,Melee,None,560,86,0,0,340,33,3.2,32.1,1.25,125,8.5,0.5,0,0,64,3,0.625,3.5,Broken Wings,0/0/0/0/0,13/13/13/13/13,Ki Burst,0/0/0/0/0,11/10/9/8/7,Valor,0/0/0/0/0,12/11/10/9/8,Blade of the Exile,0/0/0,120/90/60
Rumble,26/4/2011,117,0.019,0.469,0.01,5.8/5.6/6.3,0.0011,3,6,8,10,Melee,Heat,589,85,100,0,345,31,3.5,32.1,1.25,125,8,0.6,0,0,61,3.2,0.644,1.85,Flamespitter,0/0/0/0/0,10/9/8/7/6,Scrap Shield,0/0/0/0/0,6/6/6/6/6,Electro Harpoon,0/0/0/0/0,0.5/0.5/0.5/0.5/0.5,The Equalizer,0/0/0,100/85/70
Ryze,21/2/2009,69,0.037,0.507,0.005,10.1/7.1/5.3,0.0170,2,2,10,7,Ranged,Mana,575,98,300,50,340,22,3,34,0.5,550,8,0.8,8,1,56,3,0.625,2.112,Overload,40/40/40/40/40,6/6/6/6/6,Rune Prison,40/55/70/85/100,13/12/11/10/9,Spell Flux,40/55/70/85/100,3.25/3/2.75/2.5/2.25,Realm Warp,100/100/100,210/180/150
Samira,21/9/2020,111,0.055,0.491,0.11,4.3/5.1/11.3,0.0001,,,,5,Ranged,Mana,630,108,349,38.0,335,26,4.7,30,1.3,500,3.25,0.55,8.2,0.7,57,3.0,0.658,3.3,Flair,30/30/30/30/30,6/5/4/3/2,Blade Whirl,60/60/60/60/60,30/28/26/24/22,Wild Rush,40/40/40/40/40,20/18/16/14/12,Inferno Trigger,6/6/2006,5/5/2005
Sejuani,17/1/2012,25,0.039,0.485,0.006,2.8/5.8/14.2,0.0000,5,7,6,4,Melee,Mana,560,100,400,40,340,34,4.25,32.1,1.25,150,8.5,1,7,0.7,66,4,0.688,3.5,Arctic Assault,70/75/80/85/90,20/18/16/14/12,Winter's Wrath,65/65/65/65/65,9/8/7/6/5,Permafrost,20/20/20/20/20,1.5/1.5/1.5/1.5/1.5,Glacial Prison,100/100/100,120/100/80
Senna,10/11/2019,59,0.091,0.519,0.074,3.4/5.8/12.7,0.0001,7,2,6,7,Ranged,Mana,520,75,350,45,330,28,3.5,30,0.5,600,3.5,0.55,11.5,0.4,50,0,0.625,4,Piercing Darkness,70/80/90/100/110,15/15/15/15/15,Last Embrace,50/55/60/65/70,11/11/11/11/11,Curse of the Black Mist,70/70/70/70/70,26/24.5/23/21.5/20,Dawning Shadow,100/100/100,160/140/120
Seraphine,29/10/2020,40,0.062,0.504,0.024,6.0/6.7/5.2,0.0008,,,,1,Ranged,Mana,570,90,360,25.0,330,26,4.2,30,1.3,525,6.5,0.6,11.5,0.95,50,3.0,0.669,2.0,High Note,60/70/80/90/100,8/7.5/7/6.5/6,Surround Sound,70/75/80/85/90,22/22/22/22/22,Beat Drop,60/60/60/60/60,11/10.5/10/9.5/9,Encore,100/100/100,160/140/120
Sett,14/1/2020,45,0.077,0.506,0.033,7.8/6.2/8.3,0.0003,8,5,1,2,Melee,Grit,600,93,0,0,340,33,4,32,1.25,125,7,0.5,0,0,60,4,0.625,1.75,Knuckle Down,0/0/0/0/0,9/8/7/6/5,Haymaker,0/0/0/0/0,18/16.5/15/13.5/12,Facebreaker,0/0/0/0/0,16/14.5/13/11.5/10,The Show Stopper,0/0/0,120/100/80
Shaco,10/10/2009,99,0.073,0.493,0.27,4.4/5.1/10.5,0.0001,8,4,6,9,Melee,Mana,587,89,297.2,40,350,30,3.5,32.1,1.25,125,8.5,0.55,7.156,0.45,63,3,0.694,3,Deceive,60/60/60/60/60,12/11.5/11/10.5/10,Jack In The Box,50/55/60/65/70,16/16/16/16/16,Two-Shiv Poison,65/65/65/65/65,8/8/8/8/8,Hallucinate,100/100/100,100/90/80
Shen,24/3/2010,129,0.043,0.517,0.005,6.3/5.4/7.1,0.0011,3,9,3,4,Melee,Energy,540,85,400,0,340,34,3,32.1,1.25,125,8.5,0.75,50,0,60,3,0.751,3,Twilight Assault,140/130/120/110/100,8/7.25/6.5/5.75/5,Spirit's Refuge,40/40/40/40/40,18/16.5/15/13.5/11,Shadow Dash,150/150/150/150/150,18/16/14/12/10,Stand United,0/0/0,200/180/160
Shyvana,1/11/2011,164,0.032,0.518,0.019,4.7/6.5/8.2,0.0004,8,6,3,4,Melee,Fury,595,95,100,0,350,38,3.35,32.1,1.25,125,8.5,0.8,0,0,66,3.4,0.658,2.5,Twin Bite,0/0/0/0/0,9/8/7/6/5,Burnout,0/0/0/0/0,12/12/12/12/12,Flame Breath,0/0/0/0/0,12/11/10/9/8,Dragon's Descent,0/0/0,0/0/0
Singed,18/4/2009,98,0.015,0.508,0.003,4.7/7.1/6.8,0.0002,4,8,7,5,Melee,Mana,580,85,330,45,345,34,3.5,32.1,1.25,125,9.5,0.55,7.5,0.55,63,3.375,0.613,1.9,Poison Trail,13/13/13/13/13,0/0/0/0/0,Mega Adhesive,60/70/80/90/100,17/16/15/14/13,Fling,60/70/80/90/100,10/10/10/10/10,Insanity Potion,100/100/100,120/110/100
Sion,21/2/2009,127,0.043,0.496,0.008,5.6/5.6/8.3,0.0021,5,9,3,5,Melee,Mana,545,73,330,42,345,32,3,32.1,1.25,175,7.5,0.8,8,0.6,68,4,0.679,1.3,Decimating Smash,45/45/45/45/45,10/9/8/7/6,Soul Furnace,65/70/75/80/85,15/14/13/12/11,Roar of the Slayer,35/40/45/50/55,12/11/10/9/8,Unstoppable Onslaught,100/100/100,140/100/60
Sivir,21/2/2009,131,0.032,0.504,0.005,5.1/5.2/10.8,0.0002,9,3,1,4,Ranged,Mana,532,88,284,50,335,26,3.25,30,0.5,500,3.25,0.55,8,0.9,63,3,0.625,1.6,Boomerang Blade,70/80/90/100/110,7/7/7/7/7,Ricochet,75/75/75/75/75,12/10.5/9/7.5/6,Spell Shield,0/0/0/0/0,22/19/16/13/10,On The Hunt,100/100/100,120/100/80
Skarner,9/8/2011,14,0.031,0.502,0.025,6.1/6.3/6.7,0.0035,7,6,5,5,Melee,Mana,601.28,90,320,40,335,38,3.8,32.1,1.25,125,9,0.85,7.206,0.45,65,4.5,0.625,2.1,Crystal Slash,10/11/12/13/14,3.5/3.25/3/2.75/2.5,Crystalline Exoskeleton,60/60/60/60/60,13/12.5/12/11.5/11,Fracture,55/55/55/55/55,14/13.5/13/12.5/12,Impale,100/100/100,120/100/80
Smolder,31/1/2024,150,0.118,0.456,0.124,2.1/5.6/14.5,0.0000,,,,6,Ranged,Mana,605,100,300,40.0,330,26,4.7,30,1.3,550,4.5,0.6,8.5,0.7,60,2.3,0.638,4.0,Super Scorcher Breath,25/25/25/25/25,5.5/5/4.5/4/3.5,Achooo!,60/60/60/60/60,14/13/12/11/10,Flap Flap Flap,65/65/65/65/65,24/22/20/18/16,MMOOOMMMM!,100/100/100,140/130/120
Sona,21/9/2010,94,0.024,0.518,0.001,0.9/5.5/14.8,0.0000,5,2,8,4,Ranged,Mana,482.36,77,340.6,45,325,28,3.3,30,0.5,550,5.5,0.55,11.5,0.4,49,3,0.644,2.3,Hymn of Valor,75/80/85/90/95,8/8/8/8/8,Aria of Perseverance,105/110/115/120/125,10/10/10/10/10,Song of Celerity,90/90/90/90/90,12/12/12/12/12,Crescendo,100/100/100,140/120/100
Soraka,21/2/2009,108,0.045,0.504,0.019,5.3/6.7/11.0,0.0008,2,5,7,3,Ranged,Mana,535,74,425,40,325,32,3.8,30,0.5,550,2.5,0.5,11.5,0.4,50,3,0.625,2.14,Starcall,45/50/55/60/65,8/7/6/5/4,Astral Infusion,40/45/50/55/60,6/5/4/3/2,Equinox,70/75/80/85/90,20/19/18/17/16,Wish,100/100/100,160/145/130
Swain,5/10/2010,13,0.04,0.504,0.015,7.9/7.0/6.7,0.0012,2,6,9,8,Ranged,Mana,525,85,468,28.5,335,22.72,4,30,0.5,525,7,0.65,8,0.8,58,2.7,0.625,2.11,Death's Hand,65/70/75/80/85,10/8.5/7/5.5/4,Vision of Empire,70/85/100/115/130,22/21/20/19/18,Nevermove,60/65/70/75/80,13/12/11/10/9,Demonic Ascension,100/100/100,120/120/120
Sylas,25/1/2019,26,0.118,0.502,0.119,7.1/5.8/6.5,0.0005,3,4,8,5,Melee,Mana,525,115,280,50,340,27,4,32,1.75,175,9,0.9,7,0.8,61,3,0.645,3.5,Chain Lash,50/55/60/65/70,10/9/8/7/6,Kingslayer,70/80/90/100/110,13/11.5/10/8.5/7,Abscond / Abduct,65/65/65/65/65,14/13/12/11/10,Hijack,75/75/75,100/80/60
Syndra,13/9/2012,75,0.089,0.513,0.053,5.0/5.4/8.7,0.0002,2,3,9,8,Ranged,Mana,523,90,480,40,330,24.712,3.4,30,0.5,550,6.5,0.6,8,0.8,53.872,2.9,0.625,2,Dark Sphere,40/50/60/70/80,4/4/4/4/4,Force of Will,60/70/80/90/100,12/11/10/9/8,Scatter the Weak,50/50/50/50/50,16/15/14/13/12,Unleashed Power,100/100/100,120/100/80
Tahm Kench,9/7/2015,136,0.051,0.523,0.019,6.6/6.3/8.9,0.0006,3,9,6,5,Melee,Mana,600,100,325,40,335,47,3.5,32.1,1.25,175,6.5,0.55,8,1,56,3.2,0.658,2.5,Tongue Lash,50/50/50/50/50,5/5/5/5/5,Devour,100/100/100/100/100,20/20/20/20/20,Thick Skin,0/0/0/0/0,3/3/3/3/3,Abyssal Voyage,100/100/100,140/130/120
Taliyah,18/5/2016,124,0.028,0.508,0.011,8.7/6.7/6.0,0.0008,1,7,8,5,Ranged,Mana,532,90,425,30,335,20,3.5,30,0.5,525,7,0.7,9.335,0.85,58,3.3,0.625,1.36,Threaded Volley,50/60/70/80/90,7/6/5/4/3,Seismic Shove,70/80/90/100/110,16/15/14/13/12,Unraveled Earth,90/95/100/105/110,16/14/12/10/8,Weaver's Wall,100/100/100,180/150/120
Talon,24/8/2011,163,0.034,0.485,0.007,1.8/6.0/14.8,0.0000,9,3,1,7,Melee,Mana,588,95,377.2,37,335,30,3.5,39,1.25,125,8.5,0.75,7.6,0.8,68,3.1,0.625,2.9,Noxian Diplomacy,30/30/30/30/30,0/0/0/0/0,Rake,55/60/65/70/75,9/9/9/9/9,Assassin's Path,0/0/0/0/0,0/0/0/0/0,Shadow Assault,100/100/100,100/80/60
Taric,19/8/2009,74,0.016,0.526,0.004,5.6/6.7/6.5,0.0003,4,8,5,3,Melee,Mana,575,85,300,60,340,40,3.4,32.1,1.25,150,6,0.5,8.5,0.8,55,3.5,0.625,2,Starlight's Touch,70/80/90/100/110,3/3/3/3/3,Bastion,60/60/60/60/60,15/15/15/15/15,Dazzle,60/60/60/60/60,17/16/15/14/13,Cosmic Radiance,100/100/100,180/150/120
Teemo,21/2/2009,10,0.051,0.498,0.047,2.1/6.4/14.8,0.0000,5,3,7,6,Ranged,Mana,528,90,334,20,330,24.3,3.75,30,0.5,500,5.5,0.65,9.6,0.45,54,3,0.69,3.38,Blinding Dart,70/75/80/85/90,8/8/8/8/8,Move Quick,40/40/40/40/40,17/17/17/17/17,Toxic Shot,0/0/0/0/0,0/0/0/0/0,Noxious Trap,75/75/75,0.25/0.25/0.25
Thresh,23/1/2013,100,0.148,0.497,0.057,7.0/6.2/5.4,0.0022,5,6,6,7,Ranged,Mana,560.52,93,273.92,44,335,28,0,30,0.5,450,7,0.55,6,0.8,56,2.2,0.625,3.5,Death Sentence,70/70/70/70/70,20/18/16/14/12,Dark Passage,50/55/60/65/70,22/19.5/17/14.5/12,Flay,,,,,
Tristana,21/2/2009,137,0.042,0.442,0.013,4.9/6.6/5.2,0.0003,9,3,5,4,Ranged,Mana,559,88,250,32,325,26,3,30,0.5,525,3.75,0.65,7.2,0.45,61,3.3,0.656,1.5,Rapid Fire,0/0/0/0/0,20/19/18/17/16,Rocket Jump,60/60/60/60/60,22/20/18/16/14,Explosive Charge,50/55/60/65/70,16/15.5/15/14.5/14,Buster Shot,100/100/100,120/110/100
Trundle,1/12/2010,110,0.028,0.502,0.009,5.7/6.1/4.2,0.0006,7,6,2,5,Melee,Mana,616.28,96,281.6,45,350,37,2.7,32.1,1.25,175,6,0.75,7.508,0.6,68,3,0.67,2.9,Chomp,30/30/30/30/30,4/4/4/4/4,Frozen Domain,40/40/40/40/40,15/15/15/15/15,Pillar of Ice,75/75/75/75/75,24/22/20/18/16,Subjugate,100/100/100,120/100/80
Tryndamere,1/5/2009,123,0.039,0.494,0.03,5.1/6.0/8.6,0.0003,10,5,2,5,Melee,Fury,625.64,98,100,0,345,33,3.1,32.1,1.25,125,8.5,0.9,0,0,69,3.7,0.67,2.9,Bloodlust,0/0/0/0/0,12/12/12/12/12,Mocking Shout,0/0/0/0/0,14/14/14/14/14,Spinning Slash,0/0/0/0/0,12/11/10/9/8,Undying Rage,0/0/0,110/100/90
Twisted Fate,21/2/2009,83,0.034,0.502,0.005,8.9/6.8/6.9,0.0045,6,2,6,9,Ranged,Mana,534,94,333,19,335,21,3.15,30,0.5,525,5.5,0.6,8,0.8,52,3.3,0.651,3.22,Wild Cards,60/70/80/90/100,6/6/6/6/6,Pick a Card,40/55/70/85/100,6/6/6/6/6,Stacked Deck,0/0/0/0/0,0/0/0/0/0,Destiny,100/100/100,180/150/120
Twitch,1/5/2009,72,0.047,0.496,0.031,5.9/5.5/8.1,0.0004,9,2,3,6,Ranged,Mana,582,84,287.2,40,330,27,3,30,0.5,550,3.75,0.6,7.256,0.45,59,3.11,0.679,3.38,Ambush,40/40/40/40/40,16/16/16/16/16,Venom Cask,70/70/70/70/70,13/12/11/10/9,Contaminate,50/60/70/80/90,12/11/10/9/8,Spray and Pray,100/100/100,90/90/90
Udyr,2/12/2009,142,0.053,0.519,0.081,7.0/6.0/4.9,0.0015,,,,,Melee,,,,,,,,,,,,,,,,,,,,,,,,,,,,,,,
Urgot,24/8/2010,62,0.026,0.517,0.008,7.7/6.4/6.7,0.0018,8,5,3,8,Ranged,Mana,585,88,340,45,330,36,4.25,32.1,1.25,350,7.5,0.7,7.25,0.8,63,4,0.625,3.75,Corrosive Charge,80/80/80/80/80,12/11/10/9/8,Purge,40/30/20/10/0,12/9/6/3/0,Disdain,60/70/80/90/100,16/15.5/15/14.5/14,Fear Beyond Death,100/100/100,100/85/70
Varus,8/5/2012,51,0.059,0.483,0.012,7.5/6.4/5.4,0.0049,7,3,4,2,Ranged,Mana,500,89,360,33,330,27,3.4,30,0.5,575,3.5,0.55,8,0.8,61,3.11,0.658,3,Piercing Arrow,70/75/80/85/90,18/16/14/12/10,Blighted Quiver,0/0/0/0/0,40/40/40/40/40,Hail of Arrows,80/80/80/80/80,18/16/14/12/10,Chain of Corruption,100/100/100,130/100/70
Vayne,10/5/2011,53,0.067,0.497,0.046,7.0/6.0/6.4,0.0009,10,1,1,8,Ranged,Mana,515,89,231.8,35,330,23,3.4,30,0.5,550,3.5,0.55,6.972,0.4,60,2.36,0.658,3.3,Tumble,30/30/30/30/30,4/3.5/3/2.5/2,Silver Bolts,0/0/0/0/0,0/0/0/0/0,Condemn,90/90/90/90/90,20/18/16/14/12,Final Hour,80/80/80,100/85/70
Veigar,24/7/2009,103,0.065,0.509,0.018,5.6/6.5/9.4,0.0003,2,2,10,7,Ranged,Mana,505,94,490,26,340,23,3.75,30,0.5,550,6.5,0.6,8,0.8,52,2.7,0.625,2.24,Baleful Strike,40/45/50/55/60,7/6.5/6/5.5/5,Dark Matter,60/65/70/75/80,0/0/0/0/0,Event Horizon,70/75/80/85/90,18/16.5/15/13.5/12,Primordial Burst,100/100/100,120/100/80
Vel'Koz,27/2/2014,96,0.041,0.507,0.006,7.3/6.1/7.4,0.0013,2,2,10,8,Ranged,Mana,520,88,469,21,340,21.88,3.5,30,0.5,525,5.5,0.55,8,0.8,549.379,31.416,0.625,1.36,Plasma Fission,40/45/50/55/60,7/7/7/7/7,Void Rift,50/55/60/65/70,1.5/1.5/1.5/1.5/1.5,Tectonic Disruption,50/55/60/65/70,16/15/14/13/12,Life Form Disintegration Ray,100/100/100,120/100/80
Vex,23/9/2021,87,0.044,0.522,0.051,6.3/6.2/8.2,0.0005,,,,2,Ranged,Mana,590,104,490,32.0,335,23,4.45,28,1.3,550,6.5,0.6,6.0,0.8,54,2.75,0.669,1.0,Mistral Bolt,45/50/55/60/65,8/7/6/5/4,Personal Space,75/75/75/75/75,16/15/14/13/12,Looming Darkness,70/80/90/100/110,13/13/13/13/13,Shadow Surge,100/100/100,140/120/100
Vi,19/12/2012,11,0.046,0.486,0.018,7.6/5.8/7.0,0.0024,8,5,3,4,Melee,Mana,585,85,295,45,340,30,4,32.1,1.25,125,10,1,8,0.65,63,3.5,0.644,2,Vault Breaker,50/60/70/80/90,12/11/10/9/8,Denting Blows,0/0/0/0/0,0/0/0/0/0,Excessive Force,26/32/38/44/50,1/1/1/1/1,Assault and Battery,100/125/150,120/100/80
Viego,21/1/2021,128,0.126,0.504,0.068,6.3/5.8/6.8,0.0011,,,,7,Melee,none,630,109,0,0.0,345,34,5.2,32,2.05,200,7.0,0.7,0.0,0.0,57,3.5,0.658,2.5,Blade of the Ruined King,0,5/4.5/4/3.5/3,Spectral Maw,0,8/8/8/8/8,Harrowed Path,0,14/12/10/8/6,Heartbreaker,0,120/100/80
Viktor,29/12/2011,27,0.032,0.508,0.01,5.9/5.6/5.4,0.0020,2,4,10,9,Ranged,Mana,530,90,405,25,335,23,4,30,0.5,525,8,0.65,8,0.8,53,3,0.658,2.11,Siphon Power,45/50/55/60/65,9/8/7/6/5,Gravity Field,65/65/65/65/65,17/16/15/14/13,Death Ray,70/80/90/100/110,12/11/10/9/8,Chaos Storm,100/100/100,120/100/80
Vladimir,27/7/2010,33,0.089,0.489,0.163,6.1/6.2/6.2,0.0008,2,6,8,7,Ranged,Crimson Rush,537,96,2,0,330,23,3.3,30,0.5,450,7,0.6,0,0,55,3,0.658,2,Transfusion,0/0/0/0/0,9/8/7/6/5,Sanguine Pool,0/0/0/0/0,28/25/22/19/16,Tides of Blood,0/0/0/0/0,13/11/9/7/5,Hemoplague,0/0/0,150/135/120
Volibear,29/11/2011,61,0.083,0.515,0.062,7.8/6.9/7.2,0.0002,7,7,4,3,Melee,Mana,584.48,86,270.4,30,345,35,3.5,32.1,1.25,125,8,0.65,8.092,0.65,68,3.3,0.658,2.67,Rolling Thunder,40/40/40/40/40,12/11/10/9/8,Frenzy,35/35/35/35/35,18/18/18/18/18,Majestic Roar,60/65/70/75/80,11/11/11/11/11,Thunder Claws,100/100/100,100/90/80
Warwick,21/2/2009,113,0.061,0.521,0.026,6.8/5.8/6.9,0.0009,9,5,3,3,Melee,Mana,550,85,280,35,335,33,3.2,32.1,1.25,125,4,0.75,7.466,0.575,65,3,0.638,2.3,Jaws of the Beast,50/60/70/80/90,6/6/6/6/6,Blood Hunt,70/70/70/70/70,120/105/90/75/60,Primal Howl,40/40/40/40/40,15/14/13/12/11,Infinite Duress,100/100/100,110/90/70
Xayah,19/4/2017,122,0.035,0.482,0.005,7.0/6.0/6.7,0.0021,10,6,1,5,Ranged,Mana,561,86,340,40,325,25,3,30,0.5,525,3.25,0.75,8.25,0.75,60,2.9,0.625,3.3,Double Daggers,50/50/50/50/50,10/9/8/7/6,Deadly Plumage,60/55/50/45/40,20/19/18/17/16,Bladecaller,40/40/40/40/40,12/11/10/9/8,Featherstorm,100/100/100,160/145/130
Xerath,5/10/2011,28,0.088,0.513,0.083,5.6/5.6/10.2,0.0001,1,3,10,8,Ranged,Mana,526,92,459,22,340,21.88,3.5,30,0.5,525,5.5,0.55,8,0.8,54.7,3,0.625,1.36,Arcanopulse,80/90/100/110/120,9/8/7/6/5,Eye of Destruction,70/80/90/100/110,14/13/12/11/10,Shocking Orb,60/65/70/75/80,13/12.5/12/11.5/11,Rite of the Arcane,100/100/100,130/115/100
Xin Zhao,13/7/2010,86,0.046,0.509,0.013,6.7/6.3/8.0,0.0004,8,6,3,2,Melee,Mana,570,92,273.8,35,345,35,3.5,32.1,1.25,175,8,0.7,7.256,0.45,66,3,0.645,3.5,Three Talon Strike,30/30/30/30/30,7/6.5/6/5.5/5,Wind Becomes Lightning,45/45/45/45/45,12/11/10/9/8,Audacious Charge,50/50/50/50/50,12/12/12/12/12,Crescent Guard,100/100/100,120/110/100
Yasuo,13/12/2013,9,0.151,0.478,0.217,5.7/7.0/5.6,0.0004,8,4,4,10,Melee,Flow,523,87,100,0,345,30,3.4,30,1.25,175,6.5,0.9,0,0,60,3.2,0.697,2.5,Steel Tempest,0/0/0/0/0,4/4/4/4/4,Wind Wall,0/0/0/0/0,26/24/22/20/18,Sweeping Blade,0/0/0/0/0,0.5/0.4/0.3/0.2/0.1,Last Breath,0/0/0,80/55/30
Yone,6/8/2020,4,0.184,0.48,0.151,5.4/6.5/5.3,0.0006,,,,8,Melee,Flow,620,105,500,0.0,345,33,4.6,32,2.05,175,7.5,0.75,0.0,0.0,60,2.0,0.625,3.5,Mortal Steel,0,4?1.33/4?1.33/4?1.33/4?1.33/4?1.33,Spirit Cleave,0,14?6/14?6/14?6/14?6/14?6,Soul Unbound,0,22/19/16/13/10,Fate Sealed,0,120/100/80
Yorick,22/6/2011,82,0.048,0.517,0.063,4.5/5.3/4.4,0.0006,6,6,4,6,Melee,Mana,580,100,300,40,340,39,4,32,1.25,175,8,0.8,7.5,0.75,62,5,0.625,2,Last Rites,25/25/25/25/25,7/6.25/5.5/4.75/4,Dark Procession,70/70/70/70/70,20/18/16/14/12,Mourning Mist,50/55/60/65/70,12/11/10/9/8,Eulogy of the Isles,100/100/100,160/130/100
Yuumi,14/5/2019,67,0.056,0.487,0.065,1.4/3.8/15.8,0.0000,5,1,8,2,Ranged,Mana,480,70,400,45,330,25,3,25,0.3,500,7,0.55,10,0.4,55,3.1,0.625,1,Prowling Projectile,90/90/90/90/90/90,13.5/12/10.5/9/7.5/6,You and Me!,0/0/0/0/0,0/0/0/0/0,Zoomies,100/115/130/145/160,12/11/10/9/8,Final Chapter,100/100/100,130/110/90
Zac,29/3/2013,70,0.054,0.508,0.029,4.9/5.1/10.8,0.0002,3,7,7,8,Melee,None,615,95,0,0,340,33,3.5,32,1.25,175,8,0.5,0,0,60,3.4,0.736,1.6,Stretching Strikes,0/0/0/0/0,15/13.5/12/10.5/9,Unstable Matter,0/0/0/0/0,5/5/5/5/5,Elastic Slingshot,0/0/0/0/0,24/21/18/15/12,Let's Bounce!,0/0/0,130/115/100
Zed,13/11/2012,21,0.1,0.488,0.267,8.3/6.2/5.6,0.0007,9,2,1,7,Melee,Energy,584,85,200,0,345,32,3.5,32.1,1.25,125,7,0.65,50,0,63,3.4,0.651,3.3,Razor Shuriken,75/70/65/60/55,6/6/6/6/6,Living Shadow,40/35/30/25/20,22/20/18/16/14,Shadow Slash,50/50/50/50/50,5/4.5/4/3.5/3,Death Mark,0/0/0,120/90/60
Zeri,20/1/2022,84,0.047,0.479,0.011,7.1/6.0/6.8,0.0047,,,,4,Ranged,Mana,600,110,250,45.0,330,24,4.2,30,1.3,500,3.25,0.7,6.0,0.8,56,2.0,0.658,2.0,Burst Fire,0,1/1/1/1/1,Ultrashock Laser,50/60/70/80/90,12/11/10/9/8,Spark Surge,90/85/80/75/70,22/21/20/19/18,Lightning Crash,100/100/100,80/75/70
Ziggs,1/2/2012,71,0.054,0.496,0.045,5.6/5.7/8.3,0.0002,2,4,9,4,Ranged,Mana,536,92,480,23.5,325,21.544,3.3,30,0.5,550,6.5,0.6,8,0.8,54.208,3.1,0.656,2,Bouncing Bomb,50/55/60/65/70,6/5.5/5/4.5/4,Satchel Charge,65/65/65/65/65,20/18/16/14/12,Hexplosive Minefield,70/80/90/100/110,16/16/16/16/16,Mega Inferno Bomb,100/100/100,120/95/70
Zilean,18/4/2009,146,0.025,0.507,0.007,2.3/5.0/13.5,0.0000,2,5,8,6,Ranged,Mana,504,82,452,30,335,24,3.8,30,0.5,550,5.5,0.5,11.335,0.8,51.64,3,0.625,2.13,Time Bomb,60/65/70/75/80,10/9.5/9/8.5/8,Rewind,35/35/35/35/35,14/12/10/8/6,Time Warp,50/50/50/50/50,15/15/15/15/15,Chronoshift,125/150/175,120/90/60
Zoe,21/11/2017,130,0.031,0.503,0.011,7.1/5.8/7.7,0.0007,1,7,8,5,Ranged,Mana,560,92,425,25,340,20.8,3.5,30,0.5,550,6.5,0.6,8,0.65,58,3.3,0.625,2.5,Paddle Star!,50/55/60/65/70,8.5/8/7.5/7/6.5,Spell Thief,0/0/0/0/0,0.25/0.25/0.25/0.25/0.25,Sleepy Trouble Bubble,80/80/80/80/80,20/18.5/17/15.5/14,Portal Jump,50/50/50,11/8/2005
Zyra,24/7/2012,95,0.044,0.509,0.046,3.5/6.5/11.0,0.0001,4,3,8,7,Ranged,Mana,504,79,418,25,340,29,3,30,0.5,575,5.5,0.5,13,0.4,53.376,3.2,0.625,2.11,Deadly Spines,70/70/70/70/70,7/6.5/6/5.5/5,Rampant Growth,0/0/0/0/0,0/0/0/0/0,Grasping Roots,70/75/80/85/90,12/12/12/12/12,Stranglethorns,100/100/100,110/100/90
